{
  "total_pages": 1189,
  "current_page": "1",
  "data": [
      {
          "wine": "Terrazas De Los Andes, Reserva Malbec, Mendoza",
          "color": "Red",
          "country": "Argentina",
          "regions": [
              "Mendoza"
          ],
          "appellation": "Mendoza",
          "score": 0
      },
      {
          "wine": "Luca, G Lot Pinot Noir, Mendoza",
          "color": "Red",
          "country": "Argentina",
          "regions": [
              "Mendoza"
          ],
          "appellation": "Mendoza",
          "score": 0
      },
      {
          "wine": "Catena Alamos, Cabernet Sauvignon, Mendoza",
          "color": "Red",
          "country": "Argentina",
          "regions": [
              "Mendoza"
          ],
          "appellation": "Mendoza",
          "score": 0
      },
      {
          "wine": "Louis Roederer, Cristal Brut Millesime, Blanc, Champagne",
          "color": "White",
          "country": "France",
          "regions": [
              "Champagne"
          ],
          "appellation": "Champagne",
          "score": 0
      },
      {
          "wine": "Domaine Auguste Clape, Cornas",
          "color": "Red",
          "country": "France",
          "regions": [
              "Rhone"
          ],
          "appellation": "Cornas",
          "score": 0
      },
      {
          "wine": "Chateau De Saint Cosme, Le Poste, Gigondas",
          "color": "Red",
          "country": "France",
          "regions": [
              "Rhone"
          ],
          "appellation": "Gigondas",
          "score": 0
      },
      {
          "wine": "Philipponnat, Clos Des Goisses Brut, Blanc, Champagne",
          "color": "White",
          "country": "France",
          "regions": [
              "Champagne"
          ],
          "appellation": "Champagne",
          "score": 0
      },
      {
          "wine": "Le Clos Du Caillou, La Reserve, Chateauneuf Du Pape",
          "color": "Red",
          "country": "France",
          "regions": [
              "Rhone"
          ],
          "appellation": "Chateauneuf Du Pape",
          "score": 0
      },
      {
          "wine": "Chateau De Saint Cosme, Le Claux, Gigondas",
          "color": "Red",
          "country": "France",
          "regions": [
              "Rhone"
          ],
          "appellation": "Gigondas",
          "score": 0
      },
      {
          "wine": "Chateau De Saint Cosme, Hominis Fides, Gigondas",
          "color": "Red",
          "country": "France",
          "regions": [
              "Rhone"
          ],
          "appellation": "Gigondas",
          "score": 0
      },
      {
          "wine": "E. Guigal, La Landonne, Cote Rotie",
          "color": "Red",
          "country": "France",
          "regions": [
              "Rhone"
          ],
          "appellation": "Cote Rotie",
          "score": 0
      },
      {
          "wine": "Delas Freres, La Landonne, Cote Rotie",
          "color": "Red",
          "country": "France",
          "regions": [
              "Rhone"
          ],
          "appellation": "Cote Rotie",
          "score": 0
      },
      {
          "wine": "Domaine De Cristia, Vieilles Vignes, Chateauneuf Du Pape",
          "color": "Red",
          "country": "France",
          "regions": [
              "Rhone"
          ],
          "appellation": "Chateauneuf Du Pape",
          "score": 0
      },
      {
          "wine": "E. Guigal, La Mouline, Cote Rotie",
          "color": "Red",
          "country": "France",
          "regions": [
              "Rhone"
          ],
          "appellation": "Cote Rotie",
          "score": 0
      },
      {
          "wine": "E. Guigal, La Turque, Cote Rotie",
          "color": "Red",
          "country": "France",
          "regions": [
              "Rhone"
          ],
          "appellation": "Cote Rotie",
          "score": 0
      },
      {
          "wine": "Domaine La Barroche, Pure, Chateauneuf Du Pape",
          "color": "Red",
          "country": "France",
          "regions": [
              "Rhone"
          ],
          "appellation": "Chateauneuf Du Pape",
          "score": 0
      },
      {
          "wine": "E. Guigal, La Doriane, Blanc, Condrieu",
          "color": "White",
          "country": "France",
          "regions": [
              "Rhone"
          ],
          "appellation": "Condrieu",
          "score": 0
      },
      {
          "wine": "Casa Lapostolle, Clos Apalta, Valle De Colchagua",
          "color": "Red",
          "country": "Chile",
          "regions": [
              "Chile"
          ],
          "appellation": "Valle De Colchagua",
          "score": 0
      },
      {
          "wine": "Henri Bonneau, Reserve Des Celestins, Chateauneuf Du Pape",
          "color": "Red",
          "country": "France",
          "regions": [
              "Rhone"
          ],
          "appellation": "Chateauneuf Du Pape",
          "score": 0
      },
      {
          "wine": "Domaine Alain Voge Cornas, Les Vieilles Fontaines, Cornas",
          "color": "Red",
          "country": "France",
          "regions": [
              "Rhone"
          ],
          "appellation": "Cornas",
          "score": 0
      },
      {
          "wine": "Domaine Auguste Clape, Renaissance, Cornas",
          "color": "Red",
          "country": "France",
          "regions": [
              "Rhone"
          ],
          "appellation": "Cornas",
          "score": 0
      },
      {
          "wine": "Delas Freres, Seigneur De Maugiron, Cote Rotie",
          "color": "Red",
          "country": "France",
          "regions": [
              "Rhone"
          ],
          "appellation": "Cote Rotie",
          "score": 0
      },
      {
          "wine": "E. Guigal, Chateau D'Ampuis, Cote Rotie",
          "color": "Red",
          "country": "France",
          "regions": [
              "Rhone"
          ],
          "appellation": "Cote Rotie",
          "score": 0
      },
      {
          "wine": "Ferraton Pere & Fils, Lieu-Dit Paradis, Saint Joseph",
          "color": "Red",
          "country": "France",
          "regions": [
              "Rhone"
          ],
          "appellation": "Saint Joseph",
          "score": 0
      },
      {
          "wine": "E. Guigal, Cuvee Lieu-Dit, Blanc, Saint Joseph",
          "color": "White",
          "country": "France",
          "regions": [
              "Rhone"
          ],
          "appellation": "Saint Joseph",
          "score": 0
      }
  ]
}
