{
  "total_pages": 1189,
  "current_page": "2",
  "data": [
      {
          "wine": "Domaine De La Mordoree, Cuvee La Reine Des Bois, Chateauneuf Du Pape",
          "color": "Red",
          "country": "France",
          "regions": [
              "Rhone"
          ],
          "appellation": "Chateauneuf Du Pape",
          "score": 0
      },
      {
          "wine": "Domaine Alain Voge Cornas, Les Vieilles Vignes, Cornas",
          "color": "Red",
          "country": "France",
          "regions": [
              "Rhone"
          ],
          "appellation": "Cornas",
          "score": 0
      },
      {
          "wine": "Chateau Sixtine, Chateauneuf Du Pape",
          "color": "Red",
          "country": "France",
          "regions": [
              "Rhone"
          ],
          "appellation": "Chateauneuf Du Pape",
          "score": 0
      },
      {
          "wine": "Montes, Alpha M, Valle De Colchagua",
          "color": "Red",
          "country": "Chile",
          "regions": [
              "Chile"
          ],
          "appellation": "Valle De Colchagua",
          "score": 0
      },
      {
          "wine": "Domaine De La Solitude, Cuvee Barberini, Chateauneuf Du Pape",
          "color": "Red",
          "country": "France",
          "regions": [
              "Rhone"
          ],
          "appellation": "Chateauneuf Du Pape",
          "score": 0
      },
      {
          "wine": "Le Clos Du Caillou, Les Safres, Chateauneuf Du Pape",
          "color": "Red",
          "country": "France",
          "regions": [
              "Rhone"
          ],
          "appellation": "Chateauneuf Du Pape",
          "score": 0
      },
      {
          "wine": "Ferraton Pere & Fils, 'Les Eygats' Lieu-Dit, Cornas",
          "color": "Red",
          "country": "France",
          "regions": [
              "Rhone"
          ],
          "appellation": "Cornas",
          "score": 0
      },
      {
          "wine": "Delas Freres, Seigneur De Maugiron, Cote Rotie",
          "color": "Red",
          "country": "France",
          "regions": [
              "Rhone"
          ],
          "appellation": "Cote Rotie",
          "score": 0
      },
      {
          "wine": "Pol Roger, Vintage Blanc De Blancs Brut, Blanc, Champagne",
          "color": "White",
          "country": "France",
          "regions": [
              "Champagne"
          ],
          "appellation": "Champagne",
          "score": 0
      },
      {
          "wine": "Ferraton Pere & Fils, Lieu-Dit Patou, Cornas",
          "color": "Red",
          "country": "France",
          "regions": [
              "Rhone"
          ],
          "appellation": "Cornas",
          "score": 0
      },
      {
          "wine": "Delas Freres, Chante Perdrix, Cornas",
          "color": "Red",
          "country": "France",
          "regions": [
              "Rhone"
          ],
          "appellation": "Cornas",
          "score": 0
      },
      {
          "wine": "Chateau De Saint Cosme, Gigondas",
          "color": "Red",
          "country": "France",
          "regions": [
              "Rhone"
          ],
          "appellation": "Gigondas",
          "score": 0
      },
      {
          "wine": "Gabriel Meffre, Domaine de Longue Toque, Gigondas",
          "color": "Red",
          "country": "France",
          "regions": [
              "Rhone"
          ],
          "appellation": "Gigondas",
          "score": 0
      },
      {
          "wine": "Chateau Fortia, Cuvee Baron, Chateauneuf Du Pape",
          "color": "Red",
          "country": "France",
          "regions": [
              "Rhone"
          ],
          "appellation": "Chateauneuf Du Pape",
          "score": 0
      },
      {
          "wine": "Delas Freres, Domaine Des Grands Chemins, Crozes Hermitage",
          "color": "Red",
          "country": "France",
          "regions": [
              "Rhone"
          ],
          "appellation": "Crozes Hermitage",
          "score": 0
      },
      {
          "wine": "E. Guigal, Chateauneuf Du Pape",
          "color": "Red",
          "country": "France",
          "regions": [
              "Rhone"
          ],
          "appellation": "Chateauneuf Du Pape",
          "score": 0
      },
      {
          "wine": "E. Guigal, Brune Et Blonde De Guigal, Cote Rotie",
          "color": "Red",
          "country": "France",
          "regions": [
              "Rhone"
          ],
          "appellation": "Cote Rotie",
          "score": 0
      },
      {
          "wine": "Cuvee Du Vatican, Chateauneuf Du Pape",
          "color": "Red",
          "country": "France",
          "regions": [
              "Rhone"
          ],
          "appellation": "Chateauneuf Du Pape",
          "score": 0
      },
      {
          "wine": "Michele Chiarlo, Tortoniano, Barolo",
          "color": "Red",
          "country": "Italy",
          "regions": [
              "Piedmont"
          ],
          "appellation": "Barolo",
          "score": 0
      },
      {
          "wine": "Domaine Georges Vernay, Terres D'Encre, Saint Joseph",
          "color": "Red",
          "country": "France",
          "regions": [
              "Rhone"
          ],
          "appellation": "Saint Joseph",
          "score": 0
      },
      {
          "wine": "Delas Freres, Haute Pierre, Chateauneuf Du Pape",
          "color": "Red",
          "country": "France",
          "regions": [
              "Rhone"
          ],
          "appellation": "Chateauneuf Du Pape",
          "score": 0
      },
      {
          "wine": "E. Guigal, Blanc, Saint Joseph",
          "color": "White",
          "country": "France",
          "regions": [
              "Rhone"
          ],
          "appellation": "Saint Joseph",
          "score": 0
      },
      {
          "wine": "E. Guigal, Hermitage",
          "color": "Red",
          "country": "France",
          "regions": [
              "Rhone"
          ],
          "appellation": "Hermitage",
          "score": 0
      },
      {
          "wine": "Domaine De La Solitude, Chateauneuf Du Pape",
          "color": "Red",
          "country": "France",
          "regions": [
              "Rhone"
          ],
          "appellation": "Chateauneuf Du Pape",
          "score": 0
      },
      {
          "wine": "Vina Cobos, Cocodrilo Corte, Mendoza",
          "color": "Red",
          "country": "Argentina",
          "regions": [
              "Mendoza"
          ],
          "appellation": "Mendoza",
          "score": 0
      }
  ]
}
