{
  "total_pages": 1189,
  "current_page": "3",
  "data": [
      {
          "wine": "Emmanuel Darnaud, Mise En Bouche, Crozes Hermitage",
          "color": "Red",
          "country": "France",
          "regions": [
              "Rhone"
          ],
          "appellation": "Crozes Hermitage",
          "score": 0
      },
      {
          "wine": "E. Guigal, Blanc, Crozes Hermitage",
          "color": "White",
          "country": "France",
          "regions": [
              "Rhone"
          ],
          "appellation": "Crozes Hermitage",
          "score": 0
      },
      {
          "wine": "Lunadoro, Pagliareto, Vino Nobile Di Montepulciano",
          "color": "Red",
          "country": "Italy",
          "regions": [
              "Tuscany"
          ],
          "appellation": "Vino Nobile Di Montepulciano",
          "score": 0
      },
      {
          "wine": "Lunadoro, Quercione, Vino Nobile Di Montepulciano Riserva",
          "color": "Red",
          "country": "Italy",
          "regions": [
              "Tuscany"
          ],
          "appellation": "Vino Nobile Di Montepulciano Riserva",
          "score": 0
      },
      {
          "wine": "Ferraton Pere & Fils, La Matiniere, Crozes Hermitage",
          "color": "Red",
          "country": "France",
          "regions": [
              "Rhone"
          ],
          "appellation": "Crozes Hermitage",
          "score": 0
      },
      {
          "wine": "Coche Dury, Les Rougeots, Blanc, Meursault",
          "color": "White",
          "country": "France",
          "regions": [
              "Bourgogne"
          ],
          "appellation": "Meursault",
          "score": 0
      },
      {
          "wine": "E. Guigal, Blanc, Condrieu",
          "color": "White",
          "country": "France",
          "regions": [
              "Rhone"
          ],
          "appellation": "Condrieu",
          "score": 0
      },
      {
          "wine": "Ridge Vineyards, Monte Bello, Santa Cruz Mountains",
          "color": "Red",
          "country": "Usa",
          "regions": [
              "California"
          ],
          "appellation": "Santa Cruz Mountains",
          "score": 0
      },
      {
          "wine": "Chateau D'Yquem, Blanc, Sauternes",
          "color": "White",
          "country": "France",
          "regions": [
              "Bordeaux"
          ],
          "appellation": "Sauternes",
          "score": 0
      },
      {
          "wine": "Chateau Pontet Canet, Pauillac",
          "color": "Red",
          "country": "France",
          "regions": [
              "Bordeaux"
          ],
          "appellation": "Pauillac",
          "score": 0
      },
      {
          "wine": "Chateau D'Yquem, Blanc, Sauternes",
          "color": "White",
          "country": "France",
          "regions": [
              "Bordeaux"
          ],
          "appellation": "Sauternes",
          "score": 0
      },
      {
          "wine": "Chateau Montrose, Saint Estephe",
          "color": "Red",
          "country": "France",
          "regions": [
              "Bordeaux"
          ],
          "appellation": "Saint Estephe",
          "score": 0
      },
      {
          "wine": "Chateau Palmer, Margaux",
          "color": "Red",
          "country": "France",
          "regions": [
              "Bordeaux"
          ],
          "appellation": "Margaux",
          "score": 0
      },
      {
          "wine": "Chateau D'Yquem, Y Ygrec, Blanc, Bordeaux",
          "color": "White",
          "country": "France",
          "regions": [
              "Bordeaux"
          ],
          "appellation": "Bordeaux",
          "score": 0
      },
      {
          "wine": "Chateau D'Yquem, Y Ygrec, Blanc, Bordeaux",
          "color": "White",
          "country": "France",
          "regions": [
              "Bordeaux"
          ],
          "appellation": "Bordeaux",
          "score": 0
      },
      {
          "wine": "Chateau D'Yquem, Y Ygrec, Blanc, Bordeaux",
          "color": "White",
          "country": "France",
          "regions": [
              "Bordeaux"
          ],
          "appellation": "Bordeaux",
          "score": 0
      },
      {
          "wine": "Chateau Montrose, Saint Estephe",
          "color": "Red",
          "country": "France",
          "regions": [
              "Bordeaux"
          ],
          "appellation": "Saint Estephe",
          "score": 0
      },
      {
          "wine": "Chateau Ducru Beaucaillou, Saint Julien",
          "color": "Red",
          "country": "France",
          "regions": [
              "Bordeaux"
          ],
          "appellation": "Saint Julien",
          "score": 0
      },
      {
          "wine": "Chateau Ducru Beaucaillou, Saint Julien",
          "color": "Red",
          "country": "France",
          "regions": [
              "Bordeaux"
          ],
          "appellation": "Saint Julien",
          "score": 0
      },
      {
          "wine": "Louis Jadot, Domaine Des Heritiers, Blanc, Corton Charlemagne Grand Cru",
          "color": "White",
          "country": "France",
          "regions": [
              "Bourgogne"
          ],
          "appellation": "Corton Charlemagne Grand Cru",
          "score": 0
      },
      {
          "wine": "Chateau Ducru Beaucaillou, Saint Julien",
          "color": "Red",
          "country": "France",
          "regions": [
              "Bordeaux"
          ],
          "appellation": "Saint Julien",
          "score": 0
      },
      {
          "wine": "Chateau Leoville Barton, Saint Julien",
          "color": "Red",
          "country": "France",
          "regions": [
              "Bordeaux"
          ],
          "appellation": "Saint Julien",
          "score": 0
      },
      {
          "wine": "Chateau Beychevelle, Saint Julien",
          "color": "Red",
          "country": "France",
          "regions": [
              "Bordeaux"
          ],
          "appellation": "Saint Julien",
          "score": 0
      },
      {
          "wine": "Chateau Ducru Beaucaillou, Saint Julien",
          "color": "Red",
          "country": "France",
          "regions": [
              "Bordeaux"
          ],
          "appellation": "Saint Julien",
          "score": 0
      },
      {
          "wine": "Chateau Saint Pierre, Saint Julien",
          "color": "Red",
          "country": "France",
          "regions": [
              "Bordeaux"
          ],
          "appellation": "Saint Julien",
          "score": 0
      }
  ]
}
