{
  "total_pages": 1189,
  "current_page": "4",
  "data": [
      {
          "wine": "Domaine Jacques Frederic Mugnier Clos De La Marechale, Nuits Saint Georges Premier Cru",
          "color": "Red",
          "country": "France",
          "regions": [
              "Bourgogne"
          ],
          "appellation": "Nuits Saint Georges Premier Cru",
          "score": 0
      },
      {
          "wine": "Chateau Beychevelle, Saint Julien",
          "color": "Red",
          "country": "France",
          "regions": [
              "Bordeaux"
          ],
          "appellation": "Saint Julien",
          "score": 0
      },
      {
          "wine": "El Cep, Marques De Gelida Gran Reserva Brut Cava, Blanco, Catalunya",
          "color": "White",
          "country": "Spain",
          "regions": [
              "Spain"
          ],
          "appellation": "Catalunya",
          "score": 0
      },
      {
          "wine": "Chateau Beychevelle, Saint Julien",
          "color": "Red",
          "country": "France",
          "regions": [
              "Bordeaux"
          ],
          "appellation": "Saint Julien",
          "score": 0
      },
      {
          "wine": "Rivers-Marie, Lore Vineyard Cabernet Sauvignon, Oakville",
          "color": "Red",
          "country": "Usa",
          "regions": [
              "California"
          ],
          "appellation": "Oakville",
          "score": 0
      },
      {
          "wine": "Terrazas De Los Andes, 'Cheval Des Andes', Mendoza",
          "color": "Red",
          "country": "Argentina",
          "regions": [
              "Mendoza"
          ],
          "appellation": "Mendoza",
          "score": 0
      },
      {
          "wine": "Chateau Thivin, Cote De Brouilly",
          "color": "Red",
          "country": "France",
          "regions": [
              "Beaujolais"
          ],
          "appellation": "Cote De Brouilly",
          "score": 0
      },
      {
          "wine": "Merryvale, Profile, Napa Valley",
          "color": "Red",
          "country": "Usa",
          "regions": [
              "California"
          ],
          "appellation": "Napa Valley",
          "score": 0
      },
      {
          "wine": "Badia A Coltibuono, Chianti Classico Riserva",
          "color": "Red",
          "country": "Italy",
          "regions": [
              "Tuscany"
          ],
          "appellation": "Chianti Classico Riserva",
          "score": 0
      },
      {
          "wine": "Marchesi Antinori, Tenuta Tignanello, Marchese Antinori, Chianti Classico Riserva",
          "color": "Red",
          "country": "Italy",
          "regions": [
              "Tuscany"
          ],
          "appellation": "Chianti Classico Riserva",
          "score": 0
      },
      {
          "wine": "Merryvale, Cabernet Sauvignon, Napa Valley",
          "color": "Red",
          "country": "Usa",
          "regions": [
              "California"
          ],
          "appellation": "Napa Valley",
          "score": 0
      },
      {
          "wine": "Tommasi, Casisano, Brunello Di Montalcino",
          "color": "Red",
          "country": "Italy",
          "regions": [
              "Tuscany"
          ],
          "appellation": "Brunello Di Montalcino",
          "score": 0
      },
      {
          "wine": "Duffau Lagarrosse, Chateau Beausejour, Saint Emilion Grand Cru",
          "color": "Red",
          "country": "France",
          "regions": [
              "Bordeaux"
          ],
          "appellation": "Saint Emilion Grand Cru",
          "score": 0
      },
      {
          "wine": "C. Et S. Derenoncourt, Domaine De L'A, Castillon Cotes De Bordeaux",
          "color": "Red",
          "country": "France",
          "regions": [
              "Bordeaux"
          ],
          "appellation": "Castillon Cotes De Bordeaux",
          "score": 0
      },
      {
          "wine": "Chateau Alcee, Castillon Cotes De Bordeaux",
          "color": "Red",
          "country": "France",
          "regions": [
              "Bordeaux"
          ],
          "appellation": "Castillon Cotes De Bordeaux",
          "score": 0
      },
      {
          "wine": "Chateau De Candale, Saint Emilion Grand Cru",
          "color": "Red",
          "country": "France",
          "regions": [
              "Bordeaux"
          ],
          "appellation": "Saint Emilion Grand Cru",
          "score": 0
      },
      {
          "wine": "Chateau Guadet, Saint Emilion Grand Cru",
          "color": "Red",
          "country": "France",
          "regions": [
              "Bordeaux"
          ],
          "appellation": "Saint Emilion Grand Cru",
          "score": 0
      },
      {
          "wine": "Chateau Hostens-Picant, Sainte-Foy-Bordeaux",
          "color": "Red",
          "country": "France",
          "regions": [
              "Bordeaux"
          ],
          "appellation": "Sainte-Foy-Bordeaux",
          "score": 0
      },
      {
          "wine": "Chateau Cheval Blanc, Saint Emilion Grand Cru",
          "color": "Red",
          "country": "France",
          "regions": [
              "Bordeaux"
          ],
          "appellation": "Saint Emilion Grand Cru",
          "score": 0
      },
      {
          "wine": "Chateau La Mission Haut Brion, Pessac Leognan",
          "color": "Red",
          "country": "France",
          "regions": [
              "Bordeaux"
          ],
          "appellation": "Pessac Leognan",
          "score": 0
      },
      {
          "wine": "Stag'S Leap Wine Cellars, Estate Cask 23 Cabernet Sauvignon, Napa Valley",
          "color": "Red",
          "country": "Usa",
          "regions": [
              "California"
          ],
          "appellation": "Napa Valley",
          "score": 0
      },
      {
          "wine": "Chateau L'Evangile, Pomerol",
          "color": "Red",
          "country": "France",
          "regions": [
              "Bordeaux"
          ],
          "appellation": "Pomerol",
          "score": 0
      },
      {
          "wine": "Chateau L'Evangile, Pomerol",
          "color": "Red",
          "country": "France",
          "regions": [
              "Bordeaux"
          ],
          "appellation": "Pomerol",
          "score": 0
      },
      {
          "wine": "Dominus Estate, Christian Moueix, Napa Valley",
          "color": "Red",
          "country": "Usa",
          "regions": [
              "California"
          ],
          "appellation": "Napa Valley",
          "score": 0
      },
      {
          "wine": "Chateau L'Evangile, Pomerol",
          "color": "Red",
          "country": "France",
          "regions": [
              "Bordeaux"
          ],
          "appellation": "Pomerol",
          "score": 0
      }
  ]
}
